id,title,author,created_utc,score,num_comments,url,subreddit,over_18,edited,spoiler,stickied
1k1b8on,"What are the best open-source alternatives to SQL Server, SSAS, SSIS, Power BI, and Informatica?",Signal-Friend-1203,2025-04-17 12:12:16,82,61,https://www.reddit.com/r/dataengineering/comments/1k1b8on/what_are_the_best_opensource_alternatives_to_sql/,dataengineering,False,False,False,False
1k1fvsy,"LLMs, ML and Observability mess",oba2311,2025-04-17 15:40:20,78,12,https://www.reddit.com/r/dataengineering/comments/1k1fvsy/llms_ml_and_observability_mess/,dataengineering,False,False,False,False
1k1zigs,"That moment when someone asks, 'Who accessed prod?' üò≤ It should not be a mystery.",Adela_freedom,2025-04-18 07:55:03,70,4,https://i.redd.it/20oppwfiujve1.png,dataengineering,False,False,False,False
1k1pl3y,"A databricks project, a tight deadline, and a PIP.",MyBossIsOnReddit,2025-04-17 22:28:41,12,17,https://www.reddit.com/r/dataengineering/comments/1k1pl3y/a_databricks_project_a_tight_deadline_and_a_pip/,dataengineering,False,False,False,False
1k1etqr,"Best storage option for high-frequency time-series data (100 Hz, multiple producers)?",Shot-Fisherman-7890,2025-04-17 14:56:02,12,14,https://www.reddit.com/r/dataengineering/comments/1k1etqr/best_storage_option_for_highfrequency_timeseries/,dataengineering,False,False,False,False
1k21gd3,"Diskless Kafka: 80% Cheaper, 100% Open",Affectionate_Pool116,2025-04-18 10:13:58,16,5,https://www.reddit.com/r/dataengineering/comments/1k21gd3/diskless_kafka_80_cheaper_100_open/,dataengineering,False,False,False,False
1k20jie,We built a new open-source validation library for Polars: dataframely üêª‚Äç‚ùÑÔ∏è,borchero,2025-04-18 09:10:08,14,5,https://tech.quantco.com/blog/dataframely,dataengineering,False,False,False,False
1k1t8ix,Stuck at JSONL files in AWS S3 in middle of pipeline,v__v,2025-04-18 01:30:28,11,4,https://www.reddit.com/r/dataengineering/comments/1k1t8ix/stuck_at_jsonl_files_in_aws_s3_in_middle_of/,dataengineering,False,False,False,False
1k1c0cc,Star schema implementation in Glue + Redshift.,Icy-Professor-1091,2025-04-17 12:51:24,10,1,https://www.reddit.com/r/dataengineering/comments/1k1c0cc/star_schema_implementation_in_glue_redshift/,dataengineering,False,False,False,False
1k2099l,Just finished my end-to-end supply‚Äëchain pipeline please be brutally honest!,ajay-topDevs,2025-04-18 08:49:39,10,4,https://www.reddit.com/r/dataengineering/comments/1k2099l/just_finished_my_endtoend_supplychain_pipeline/,dataengineering,False,False,False,False
1k1tbmb,Fivetran Price Impact,t9h3__,2025-04-18 01:35:07,11,10,https://www.reddit.com/r/dataengineering/comments/1k1tbmb/fivetran_price_impact/,dataengineering,False,False,False,False
1k20v9p,Thinking of building a SaaS that scrapes data from other sources? Think twice. Read this.,Awkward-Bug-5686,2025-04-18 09:33:50,8,9,https://www.reddit.com/r/dataengineering/comments/1k20v9p/thinking_of_building_a_saas_that_scrapes_data/,dataengineering,False,False,False,False
1k203kx,Integration of AWS S3 Iceberg tables with Snowflake,Ilyes_ch,2025-04-18 08:38:01,8,0,https://www.reddit.com/r/dataengineering/comments/1k203kx/integration_of_aws_s3_iceberg_tables_with/,dataengineering,False,False,False,False
1k1gwfy,Spark for beginners,ubiond,2025-04-17 16:21:56,5,7,https://www.reddit.com/r/dataengineering/comments/1k1gwfy/spark_for_beginners/,dataengineering,False,False,False,False
1k1p04c,Practical Implementation of Data Warehouses with Spark (and Redshift),Icy-Professor-1091,2025-04-17 22:02:05,4,0,https://www.reddit.com/r/dataengineering/comments/1k1p04c/practical_implementation_of_data_warehouses_with/,dataengineering,False,False,False,False
1k1nw8o,Databricks in Excel,Midnight_Old,2025-04-17 21:13:03,5,2,https://www.reddit.com/r/dataengineering/comments/1k1nw8o/databricks_in_excel/,dataengineering,False,False,False,False
1k1k1h4,High cardinality meets columnar time series system,PutHuge6368,2025-04-17 18:30:00,2,0,https://www.reddit.com/r/dataengineering/comments/1k1k1h4/high_cardinality_meets_columnar_time_series_system/,dataengineering,False,False,False,False
1k1osuu,GCP Data engineer oppirtunities,No-Expression-288,2025-04-17 21:53:21,2,0,https://www.reddit.com/r/dataengineering/comments/1k1osuu/gcp_data_engineer_oppirtunities/,dataengineering,False,False,False,False
1k1md1v,jsonb vs. separate table (EAV) for metadata/custom fields,birdshine7,2025-04-17 20:07:32,3,1,https://www.reddit.com/r/dataengineering/comments/1k1md1v/jsonb_vs_separate_table_eav_for_metadatacustom/,dataengineering,False,False,False,False
1k1f0sa,How to run a long Python script on an Azure VM from ADF and get execution status?,Away_Efficiency_5837,2025-04-17 15:04:11,3,7,https://www.reddit.com/r/dataengineering/comments/1k1f0sa/how_to_run_a_long_python_script_on_an_azure_vm/,dataengineering,False,False,False,False
1k1wtbm,Data Pipeline Question,Sufficient_Ant_3008,2025-04-18 04:51:51,2,2,https://www.reddit.com/r/dataengineering/comments/1k1wtbm/data_pipeline_question/,dataengineering,False,False,False,False
1k1uh7y,Attempting to Solve the Cross-Platform AI Billing Challenge as a Solo Engineer/Founder - Need Feedback,Frozen-Insightful-22,2025-04-18 02:37:18,2,2,https://www.reddit.com/r/dataengineering/comments/1k1uh7y/attempting_to_solve_the_crossplatform_ai_billing/,dataengineering,False,False,False,False
1k1l7vo,"MS ACCESS, no clickbait, kinda long",AnotherDrink555,2025-04-17 19:19:44,0,7,https://www.reddit.com/r/dataengineering/comments/1k1l7vo/ms_access_no_clickbait_kinda_long/,dataengineering,False,False,False,False
1k1xxj7,You don‚Äôt need a perfect pipeline to prove value,ivanovyordan,2025-04-18 06:04:27,0,6,https://datagibberish.com/p/how-to-build-minimum-viable-data-products,dataengineering,False,False,False,False
1k1vf5i,How about changing the medallion architecture's names?,iwalkthelonelyroads,2025-04-18 03:29:43,0,21,https://www.reddit.com/r/dataengineering/comments/1k1vf5i/how_about_changing_the_medallion_architectures/,dataengineering,False,False,False,False
1k1yakf,Is the M4 MacBook Air good enough for a Data Science/CIS student,ifuknowuk,2025-04-18 06:29:02,0,6,https://www.reddit.com/r/dataengineering/comments/1k1yakf/is_the_m4_macbook_air_good_enough_for_a_data/,dataengineering,False,False,False,False
1k1je39,How Dirty Is Your Data?,Driftwave-io,2025-04-17 18:02:57,0,10,https://www.reddit.com/r/dataengineering/comments/1k1je39/how_dirty_is_your_data/,dataengineering,False,False,False,False
1k1ymt2,I want learn Azure data Engineer?,No_Hospital_4666,2025-04-18 06:51:59,0,5,https://www.reddit.com/r/dataengineering/comments/1k1ymt2/i_want_learn_azure_data_engineer/,dataengineering,False,False,False,False
